"page","idea"
"Dashboard","Today summary cards (orders, invoices due, low stock)"
"Customers & CRM","Customer profile with contacts and addresses"
"Leads & Sales Pipeline","Lead capture form (manual entry)"
"Quotes","Quote header + line items + totals"
"Sales Orders","Sales order header + lines + taxes"
"Invoicing","Invoice numbering series per company"
"Payments","Record payment against invoice (partial allowed)"
"Products & Pricing","Product catalog with SKU, name, UoM"
"Purchasing","Purchase request creation (internal)"
"Suppliers","Supplier profile with contacts and terms"
"Inventory","Stock on hand per SKU per location"
"Warehousing","Location master (warehouse/aisle/bin)"
"Manufacturing (BOM)","BOM versioning with effective dates"
"Work Orders","Work order create from sales order"
"Quality","Quality checklist templates per process"
"Shipping & Delivery","Shipment packing list generation"
"Returns & RMA","RMA request intake form"
"Support Tickets","Ticket intake with category + priority"
"Projects","Project creation with status and owner"
"Time & Attendance","Clock-in/clock-out simple timesheet"
"HR","Employee profile (personal + job info)"
"Expenses","Expense claim creation with line items"
"Assets & Maintenance","Asset register (serial, purchase date)"
"Reporting","Saved report templates library"
"Admin & Security","Role-based access control (RBAC) baseline"
"Dashboard","Overdue invoices widget"
"Customers & CRM","Customer segmentation tags (industry, tier)"
"Leads & Sales Pipeline","Pipeline stages configurable"
"Quotes","Quote PDF export (server-side)"
"Sales Orders","Order confirmation PDF export"
"Invoicing","Invoice PDF export with template"
"Payments","Payment method list (cash/card/bank)"
"Products & Pricing","Price lists by customer group"
"Purchasing","Purchase order (PO) creation from request"
"Suppliers","Supplier rating score (manual)"
"Inventory","Stock movement log (audit trail)"
"Warehousing","Put-away task list (manual)"
"Manufacturing (BOM)","BOM component substitution list"
"Work Orders","Work order materials reservation"
"Quality","Nonconformance (NCR) record"
"Shipping & Delivery","Carrier selection list (manual)"
"Returns & RMA","RMA approval step"
"Support Tickets","Ticket SLA target fields (manual)"
"Projects","Project milestones list"
"Time & Attendance","Timesheet approval workflow"
"HR","Departments/teams management"
"Expenses","Mileage expense type with rate"
"Assets & Maintenance","Preventive maintenance schedule"
"Reporting","Export reports to CSV"
"Admin & Security","Two-factor auth optional (TOTP)"
"Dashboard","Low stock alerts list"
"Customers & CRM","Customer communication log (calls/emails manual)"
"Leads & Sales Pipeline","Lead source tracking (web/referral/etc)"
"Quotes","Quote status (draft/sent/accepted/rejected)"
"Sales Orders","Order status (draft/confirmed/shipped/closed)"
"Invoicing","Invoice status (draft/sent/paid/void)"
"Payments","Bank account register (manual entries)"
"Products & Pricing","Discount rules (percent/fixed) per line"
"Purchasing","PO approval workflow (simple)"
"Suppliers","Supplier lead time field per SKU"
"Inventory","Reorder point per SKU per location"
"Warehousing","Pick list generation for orders"
"Manufacturing (BOM)","BOM cost roll-up calculation"
"Work Orders","Work order routing steps list"
"Quality","Incoming inspection record"
"Shipping & Delivery","Shipment status tracking"
"Returns & RMA","Return reason codes list"
"Support Tickets","Ticket assignment to agent"
"Projects","Project task board (kanban)"
"Time & Attendance","Overtime rule flags (manual)"
"HR","Employee contract documents upload"
"Expenses","Receipt attachment upload"
"Assets & Maintenance","Maintenance work request form"
"Reporting","KPI dashboard export snapshot"
"Admin & Security","Password policy (min length, complexity)"
"Dashboard","Recent activity feed (who changed what)"
"Customers & CRM","Multiple billing/shipping addresses per customer"
"Leads & Sales Pipeline","Lead-to-opportunity conversion"
"Quotes","Quote line item taxes"
"Sales Orders","Backorder handling (allow/forbid)"
"Invoicing","Credit note creation"
"Payments","Payment reconciliation notes"
"Products & Pricing","Currency support (single base + optional foreign)"
"Purchasing","3-way match fields (PO/receipt/invoice)"
"Suppliers","Supplier contract file upload"
"Inventory","Lot/batch tracking optional"
"Warehousing","Cycle count session creation"
"Manufacturing (BOM)","Make/buy flag per product"
"Work Orders","Work order time log per operation"
"Quality","Quality hold status on inventory"
"Shipping & Delivery","Print shipping labels (template, no paid API)"
"Returns & RMA","Return receipt to stock process"
"Support Tickets","Canned responses library"
"Projects","Project budget tracking (planned vs actual)"
"Time & Attendance","Break tracking"
"HR","Onboarding checklist per employee"
"Expenses","Per diem expense type"
"Assets & Maintenance","Asset depreciation schedule (straight-line)"
"Reporting","User activity audit report"
"Admin & Security","IP allowlist (optional)"
"Dashboard","Quick search bar across entities"
"Customers & CRM","Customer credit limit and alerts"
"Leads & Sales Pipeline","Opportunity value + probability"
"Quotes","Quote validity date and reminders"
"Sales Orders","Sales order allocation by available stock"
"Invoicing","Invoice due date calculation by terms"
"Payments","Multi-payment per invoice"
"Products & Pricing","Tiered pricing (qty breaks)"
"Purchasing","Supplier portal (read-only link, optional)"
"Suppliers","Supplier product catalog mapping"
"Inventory","Stock valuation method selector (FIFO avg simple)"
"Warehousing","Warehouse transfer order between locations"
"Manufacturing (BOM)","BOM scrap factor per component"
"Work Orders","Work order priority and scheduling date"
"Quality","Quality sampling plan fields"
"Shipping & Delivery","Delivery route sheet export"
"Returns & RMA","Return disposition (restock/scrap/repair)"
"Support Tickets","Ticket tags and filters"
"Projects","Project risk register"
"Time & Attendance","Time off request (vacation)"
"HR","Leave balances tracking"
"Expenses","Expense approval workflow"
"Assets & Maintenance","Asset location history"
"Reporting","Report scheduling (email optional, free SMTP)"
"Admin & Security","Session timeout and device logout"
"Dashboard","Custom dashboard layout per user"
"Customers & CRM","Customer account owner assignment"
"Leads & Sales Pipeline","Pipeline forecast by month"
"Quotes","Quote version history"
"Sales Orders","Order split shipments support"
"Invoicing","Invoice reminders queue"
"Payments","Cash drawer open/close log"
"Products & Pricing","Tax rules by region"
"Purchasing","Supplier RFQ (request for quote) records"
"Suppliers","Supplier bank details (secured)"
"Inventory","Inventory adjustments with reason codes"
"Warehousing","Barcode label print templates"
"Manufacturing (BOM)","BOM attachments (drawings)"
"Work Orders","Work order Gantt-like simple schedule"
"Quality","Quality CAPA (corrective action) tasks"
"Shipping & Delivery","Proof of delivery upload"
"Returns & RMA","Warranty return tracking"
"Support Tickets","Ticket watcher/CC list"
"Projects","Project document repository"
"Time & Attendance","Timesheet export to payroll CSV"
"HR","HR policies document page"
"Expenses","Expense categories management"
"Assets & Maintenance","Maintenance parts usage log"
"Reporting","Report builder (filters, grouping)"
"Admin & Security","Field-level permissions (read vs write)"
"Dashboard","Theme (light/dark) setting"
"Customers & CRM","Customer portal link (read-only invoices)"
"Leads & Sales Pipeline","Opportunity notes and next steps"
"Quotes","Quote to order conversion button"
"Sales Orders","Order approvals for high value"
"Invoicing","Invoice locking after posting"
"Payments","Payment allocation auto-suggest"
"Products & Pricing","Promotions with start/end dates"
"Purchasing","Purchase order PDF export"
"Suppliers","Supplier contacts role tags"
"Inventory","Inventory expiry date tracking"
"Warehousing","Warehouse picking routes (bin order)"
"Manufacturing (BOM)","BOM revision approval"
"Work Orders","Work order barcode traveler sheet"
"Quality","Quality defect codes list"
"Shipping & Delivery","Shipping cost estimation (manual)"
"Returns & RMA","RMA shipping label template"
"Support Tickets","Ticket merge duplicates"
"Projects","Project change request log"
"Time & Attendance","Attendance anomaly flags"
"HR","Employee emergency contacts"
"Expenses","Expense policy rules (limits)"
"Assets & Maintenance","Asset maintenance history"
"Reporting","Report permissions by role"
"Admin & Security","Admin settings change log"
"Dashboard","Favorites/shortcuts bar"
"Customers & CRM","Customer merge duplicate tool"
"Leads & Sales Pipeline","Lead assignment rules (round-robin)"
"Quotes","Quote email compose template"
"Sales Orders","Sales order line substitutions"
"Invoicing","Invoice batch generation"
"Payments","Record refunds"
"Products & Pricing","Product variants (size/color)"
"Purchasing","Purchase blanket orders"
"Suppliers","Supplier performance dashboard"
"Inventory","Stock reservation by order"
"Warehousing","Wave picking batches"
"Manufacturing (BOM)","BOM phantom assemblies"
"Work Orders","Work order completion checklist"
"Quality","Quality calibration records"
"Shipping & Delivery","Shipment contents (packages)"
"Returns & RMA","Return restocking fee calculation"
"Support Tickets","Ticket satisfaction rating field"
"Projects","Project time budget vs actual"
"Time & Attendance","Timesheet locking after payroll"
"HR","Job titles and pay grades"
"Expenses","Expense export to accounting CSV"
"Assets & Maintenance","Asset warranty dates tracking"
"Reporting","Report drill-down links"
"Admin & Security","API keys management"
"Dashboard","Notifications center (in-app)"
"Customers & CRM","Customer consent/marketing preferences"
"Leads & Sales Pipeline","Lead import from CSV"
"Quotes","Quote multi-currency totals"
"Sales Orders","Order line discounts"
"Invoicing","Invoice tax breakdown details"
"Payments","SEPA/IBAN fields (optional)"
"Products & Pricing","Units of measure conversions"
"Purchasing","Purchase order receipt (GRN) entry"
"Suppliers","Supplier tax/VAT fields"
"Inventory","Inventory multi-warehouse totals"
"Warehousing","Bin capacity tracking"
"Manufacturing (BOM)","BOM alternate routing (simple)"
"Work Orders","Work order yield and scrap recording"
"Quality","Quality trend charts"
"Shipping & Delivery","Shipment packing validation"
"Returns & RMA","Return inspection checklist"
"Support Tickets","Ticket escalation rules (manual)"
"Projects","Project dependencies list"
"Time & Attendance","Shift scheduling (manual)"
"HR","Employee training records"
"Expenses","Expense recurring claims (templates)"
"Assets & Maintenance","Asset tagging (QR code)"
"Reporting","Operational reports pack"
"Admin & Security","Data retention settings"
"Dashboard","Pinned filters per list view"
"Customers & CRM","Customer documents upload"
"Leads & Sales Pipeline","Opportunity stage change history"
"Quotes","Quote approval workflow"
"Sales Orders","Order promised date tracking"
"Invoicing","Invoice line item notes"
"Payments","Payment terms templates"
"Products & Pricing","Product categories and attributes"
"Purchasing","Purchase order change log"
"Suppliers","Supplier notes and tasks"
"Inventory","Inventory ABC classification"
"Warehousing","Cross-dock flag for receipts"
"Manufacturing (BOM)","BOM bulk import CSV"
"Work Orders","Work order split into sub-orders"
"Quality","Quality quarantine location enforcement"
"Shipping & Delivery","Shipment batch printing"
"Returns & RMA","Return to vendor process"
"Support Tickets","Ticket custom fields"
"Projects","Project portfolio view"
"Time & Attendance","Time rounding rules"
"HR","HR incident reporting"
"Expenses","Expense multi-currency (optional)"
"Assets & Maintenance","Maintenance technician assignment"
"Reporting","Finance aging reports"
"Admin & Security","SSO via SAML/OIDC (optional, self-hosted)"
"Dashboard","Global export button per module"
"Customers & CRM","Customer contact roles (billing/tech)"
"Leads & Sales Pipeline","Opportunity competitors field"
"Quotes","Quote line item images"
"Sales Orders","Order attachments upload"
"Invoicing","Invoice attachments upload"
"Payments","Payment gateway placeholder (manual)"
"Products & Pricing","Product image gallery"
"Purchasing","Purchase order line taxes"
"Suppliers","Supplier minimum order qty"
"Inventory","Inventory replenishment suggestions list"
"Warehousing","Warehouse receiving checklist"
"Manufacturing (BOM)","BOM component effective dates"
"Work Orders","Work order start/finish timestamps"
"Quality","Quality audit schedule"
"Shipping & Delivery","Shipment tracking number field"
"Returns & RMA","RMA repair work order link"
"Support Tickets","Ticket knowledge base links"
"Projects","Project custom statuses"
"Time & Attendance","Attendance kiosk mode (optional)"
"HR","Employee equipment issuance log"
"Expenses","Expense per project allocation"
"Assets & Maintenance","Asset disposal workflow"
"Reporting","Manufacturing reports"
"Admin & Security","User impersonation for support (admin-only)"
"Dashboard","Dashboard: my tasks"
"Customers & CRM","CRM: customer tasks/to-dos"
"Leads & Sales Pipeline","Pipeline: next action date"
"Quotes","Quotes: print-friendly view"
"Sales Orders","Orders: pick/pack status"
"Invoicing","Invoicing: invoice journal"
"Payments","Payments: bank statement import CSV"
"Products & Pricing","Products: cost fields (standard/last)"
"Purchasing","Purchasing: reorder suggestions to PO"
"Suppliers","Suppliers: supplier SKUs mapping"
"Inventory","Inventory: min/max levels"
"Warehousing","Warehousing: location barcode labels"
"Manufacturing (BOM)","BOM: multi-level explosion view"
"Work Orders","Work Orders: WIP status board"
"Quality","Quality: supplier quality metrics"
"Shipping & Delivery","Shipping: delivery notes"
"Returns & RMA","Returns: refund/credit workflow"
"Support Tickets","Tickets: ticket status board"
"Projects","Projects: task templates"
"Time & Attendance","Time: timesheet reminders"
"HR","HR: org chart"
"Expenses","Expenses: approvals inbox"
"Assets & Maintenance","Assets: maintenance calendar"
"Reporting","Reporting: custom charts"
"Admin & Security","Admin: backup/export data"
"Dashboard","Dashboard: announcements panel"
"Customers & CRM","CRM: customer journey stages"
"Leads & Sales Pipeline","Pipeline: opportunity attachments"
"Quotes","Quotes: quote clone"
"Sales Orders","Orders: order clone"
"Invoicing","Invoicing: invoice clone"
"Payments","Payments: payment receipt PDF"
"Products & Pricing","Products: bundle/kit products"
"Purchasing","Purchasing: request-to-PO conversion"
"Suppliers","Suppliers: preferred supplier per SKU"
"Inventory","Inventory: inventory ledger export"
"Warehousing","Warehousing: packing station view"
"Manufacturing (BOM)","BOM: component availability check"
"Work Orders","Work Orders: labor cost calc"
"Quality","Quality: inspection sampling results"
"Shipping & Delivery","Shipping: carrier account fields"
"Returns & RMA","Returns: restock inventory automatically"
"Support Tickets","Tickets: internal notes vs public"
"Projects","Projects: project templates"
"Time & Attendance","Time: shift notes"
"HR","HR: salary history (restricted)"
"Expenses","Expenses: corporate card reconciliation (manual)"
"Assets & Maintenance","Assets: spare parts inventory link"
"Reporting","Reporting: pivot-like tables"
"Admin & Security","Admin: data import wizard"
"Dashboard","Dashboard: alerts configuration"
"Customers & CRM","CRM: customer satisfaction fields"
"Leads & Sales Pipeline","Pipeline: pipeline per salesperson"
"Quotes","Quotes: approval thresholds"
"Sales Orders","Orders: credit hold handling"
"Invoicing","Invoicing: payment terms enforcement"
"Payments","Payments: write-off small balances"
"Products & Pricing","Products: tax category per product"
"Purchasing","Purchasing: supplier lead time analysis"
"Suppliers","Suppliers: NDA/contract tracking"
"Inventory","Inventory: multi-location transfers"
"Warehousing","Warehousing: stocktake variance report"
"Manufacturing (BOM)","BOM: costed BOM report"
"Work Orders","Work Orders: scrap reasons list"
"Quality","Quality: CAPA effectiveness check"
"Shipping & Delivery","Shipping: shipment cost allocation"
"Returns & RMA","Returns: exchange order creation"
"Support Tickets","Tickets: ticket templates"
"Projects","Projects: project profitability"
"Time & Attendance","Time: job costing timesheets"
"HR","HR: performance reviews"
"Expenses","Expenses: expense policy violations report"
"Assets & Maintenance","Assets: calibration schedule"
"Reporting","Reporting: export to JSON"
"Admin & Security","Admin: environment config page"
"Dashboard","Dashboard: calendar view"
"Customers & CRM","CRM: contact interaction reminders"
"Leads & Sales Pipeline","Pipeline: lost reason tracking"
"Quotes","Quotes: quote expiration automation"
"Sales Orders","Orders: shipment split across warehouses"
"Invoicing","Invoicing: VAT number validation (basic)"
"Payments","Payments: customer statements PDF"
"Products & Pricing","Products: serial number required flag"
"Purchasing","Purchasing: PO from reorder point"
"Suppliers","Suppliers: supplier communication log"
"Inventory","Inventory: serial tracking optional"
"Warehousing","Warehousing: pick confirmation scanning (manual entry)"
"Manufacturing (BOM)","BOM: routing time per operation"
"Work Orders","Work Orders: operation instructions"
"Quality","Quality: work instruction acknowledgments"
"Shipping & Delivery","Shipping: export to carrier CSV"
"Returns & RMA","Returns: RMA label print template"
"Support Tickets","Tickets: due date and reminders"
"Projects","Projects: resource allocation table"
"Time & Attendance","Time: absence calendar"
"HR","HR: disciplinary actions log"
"Expenses","Expenses: vendor list"
"Assets & Maintenance","Assets: asset check-in/out"
"Reporting","Reporting: saved filters share"
"Admin & Security","Admin: feature flags"
"Dashboard","Dashboard: multi-company switcher"
"Customers & CRM","CRM: customer groups"
"Leads & Sales Pipeline","Pipeline: probability-weighted forecast"
"Quotes","Quotes: quote to invoice direct (optional)"
"Sales Orders","Orders: fulfillment SLA targets"
"Invoicing","Invoicing: invoice approval before send"
"Payments","Payments: customer deposit handling"
"Products & Pricing","Products: vendor part numbers"
"Purchasing","Purchasing: landed cost fields"
"Suppliers","Suppliers: delivery performance metrics"
"Inventory","Inventory: negative stock prevention"
"Warehousing","Warehousing: bin-to-bin moves"
"Manufacturing (BOM)","BOM: byproduct/co-product fields"
"Work Orders","Work Orders: rework orders"
"Quality","Quality: deviation permits"
"Shipping & Delivery","Shipping: delivery appointment scheduling (manual)"
"Returns & RMA","Returns: return analytics"
"Support Tickets","Tickets: assignment rules"
"Projects","Projects: issue tracker"
"Time & Attendance","Time: mobile-friendly timesheet"
"HR","HR: training courses catalog"
"Expenses","Expenses: expense templates"
"Assets & Maintenance","Assets: asset insurance info"
"Reporting","Reporting: audit exports"
"Admin & Security","Admin: localization (language)"
"Dashboard","Dashboard: import/export shortcuts"
"Customers & CRM","CRM: customer notes rich text"
"Leads & Sales Pipeline","Pipeline: lead scoring (non-AI, rules)"
"Quotes","Quotes: quote line grouping"
"Sales Orders","Orders: order holds and reasons"
"Invoicing","Invoicing: invoice numbering per year"
"Payments","Payments: multi-bank accounts"
"Products & Pricing","Products: UoM rounding rules"
"Purchasing","Purchasing: supplier MOQ enforcement"
"Suppliers","Suppliers: supplier portal credentials (secured)"
"Inventory","Inventory: stock status (available/hold/damaged)"
"Warehousing","Warehousing: damaged stock workflow"
"Manufacturing (BOM)","BOM: ECO (engineering change order) log"
"Work Orders","Work Orders: material issue transactions"
"Quality","Quality: MRB disposition board"
"Shipping & Delivery","Shipping: packing slip templates"
"Returns & RMA","Returns: RTV (return to vendor) creation"
"Support Tickets","Tickets: escalation to manager"
"Projects","Projects: meeting minutes log"
"Time & Attendance","Time: time categories (billable/non)"
"HR","HR: employee certifications"
"Expenses","Expenses: approval delegation"
"Assets & Maintenance","Assets: maintenance triggers by usage"
"Reporting","Reporting: SQL view read-only (optional)"
"Admin & Security","Admin: encryption at rest (db-level)"
"Dashboard","Dashboard: user-defined KPIs"
"Customers & CRM","CRM: customer blacklist/blocked flag"
"Leads & Sales Pipeline","Pipeline: opportunity contact roles"
"Quotes","Quotes: quote discount approval"
"Sales Orders","Orders: partial invoicing"
"Invoicing","Invoicing: recurring invoices"
"Payments","Payments: dunning process states"
"Products & Pricing","Products: cost history"
"Purchasing","Purchasing: purchase budget tracking"
"Suppliers","Suppliers: supplier onboarding checklist"
"Inventory","Inventory: stock aging report"
"Warehousing","Warehousing: pick exception handling"
"Manufacturing (BOM)","BOM: make-to-order vs make-to-stock"
"Work Orders","Work Orders: capacity planning (simple)"
"Quality","Quality: supplier corrective actions"
"Shipping & Delivery","Shipping: multi-package shipments"
"Returns & RMA","Returns: repair tracking"
"Support Tickets","Tickets: attach files and screenshots"
"Projects","Projects: deliverables list"
"Time & Attendance","Time: timesheet comments"
"HR","HR: employee directory search"
"Expenses","Expenses: tax/VAT on expenses"
"Assets & Maintenance","Assets: asset depreciation report"
"Reporting","Reporting: KPI trend lines"
"Admin & Security","Admin: change approval workflow"
"Dashboard","Dashboard: drill into lists from cards"
"Customers & CRM","CRM: assign customer to territory"
"Leads & Sales Pipeline","Pipeline: pipeline velocity metrics"
"Quotes","Quotes: quote terms & conditions block"
"Sales Orders","Orders: order line due dates"
"Invoicing","Invoicing: proforma invoices"
"Payments","Payments: payment export (SEPA CSV)"
"Products & Pricing","Products: product lifecycle status"
"Purchasing","Purchasing: supplier quotes compare"
"Suppliers","Suppliers: supplier diversity fields"
"Inventory","Inventory: stock count by category"
"Warehousing","Warehousing: packing materials tracking"
"Manufacturing (BOM)","BOM: assembly instructions print"
"Work Orders","Work Orders: barcode traveler generation"
"Quality","Quality: final inspection sign-off"
"Shipping & Delivery","Shipping: delivery proof sign-off"
"Returns & RMA","Returns: customer return label request"
"Support Tickets","Tickets: ticket categories hierarchy"
"Projects","Projects: project stage gates"
"Time & Attendance","Time: location-based attendance (manual)"
"HR","HR: employee reminders (docs expiring)"
"Expenses","Expenses: reimburse via bank transfer export"
"Assets & Maintenance","Assets: asset utilization metrics"
"Reporting","Reporting: report subscriptions (RSS/email)"
"Admin & Security","Admin: GDPR export/delete tooling"
"Dashboard","Dashboard: error logs widget"
"Customers & CRM","CRM: customer VAT/tax IDs"
"Leads & Sales Pipeline","Pipeline: multi-currency opportunity amounts"
"Quotes","Quotes: quote attachments"
"Sales Orders","Orders: order attachments"
"Invoicing","Invoicing: invoice attachments preview"
"Payments","Payments: chargeback logging"
"Products & Pricing","Products: HS code/tariff fields"
"Purchasing","Purchasing: create PO from supplier quote"
"Suppliers","Suppliers: incoterms fields"
"Inventory","Inventory: stock by lot report"
"Warehousing","Warehousing: inbound appointment calendar"
"Manufacturing (BOM)","BOM: component reference designators"
"Work Orders","Work Orders: downtime logging"
"Quality","Quality: quality cost tracking"
"Shipping & Delivery","Shipping: export customs forms template"
"Returns & RMA","Returns: restock location selection"
"Support Tickets","Tickets: internal SLA breach flag"
"Projects","Projects: project KPI dashboard"
"Time & Attendance","Time: schedule vs actual"
"HR","HR: recruitment pipeline (non-AI)"
"Expenses","Expenses: expense audit sampling"
"Assets & Maintenance","Assets: work order linkage"
"Reporting","Reporting: export charts as SVG"
"Admin & Security","Admin: database maintenance tools"
"Dashboard","Dashboard: quick-create buttons"
"Customers & CRM","CRM: customer SLA fields"
"Leads & Sales Pipeline","Pipeline: lead qualification checklist"
"Quotes","Quotes: quote numbering series"
"Sales Orders","Orders: order numbering series"
"Invoicing","Invoicing: invoice posting date"
"Payments","Payments: cash application queue"
"Products & Pricing","Products: barcode/UPC fields"
"Purchasing","Purchasing: PO numbering series"
"Suppliers","Suppliers: supplier numbering series"
"Inventory","Inventory: inventory numbering series (bins)"
"Warehousing","Warehousing: warehouse numbering series"
"Manufacturing (BOM)","BOM: BOM numbering series"
"Work Orders","Work Orders: WO numbering series"
"Quality","Quality: NCR numbering series"
"Shipping & Delivery","Shipping: shipment numbering series"
"Returns & RMA","Returns: RMA numbering series"
"Support Tickets","Tickets: ticket numbering series"
"Projects","Projects: project numbering series"
"Time & Attendance","Time: timesheet numbering series"
"HR","HR: employee numbering series"
"Expenses","Expenses: expense claim numbering series"
"Assets & Maintenance","Assets: asset numbering series"
"Reporting","Reporting: report IDs catalog"
"Admin & Security","Admin: numbering series configuration"
"Dashboard","Dashboard: saved searches"
"Customers & CRM","CRM: customer custom fields"
"Leads & Sales Pipeline","Pipeline: custom fields per stage"
"Quotes","Quotes: quote line custom fields"
"Sales Orders","Orders: order line custom fields"
"Invoicing","Invoicing: invoice line custom fields"
"Payments","Payments: payment custom fields"
"Products & Pricing","Products: product custom fields"
"Purchasing","Purchasing: PO line custom fields"
"Suppliers","Suppliers: supplier custom fields"
"Inventory","Inventory: inventory custom fields"
"Warehousing","Warehousing: location custom fields"
"Manufacturing (BOM)","BOM: BOM custom fields"
"Work Orders","Work Orders: WO custom fields"
"Quality","Quality: inspection custom fields"
"Shipping & Delivery","Shipping: shipment custom fields"
"Returns & RMA","Returns: return custom fields"
"Support Tickets","Tickets: ticket custom fields"
"Projects","Projects: project custom fields"
"Time & Attendance","Time: time entry custom fields"
"HR","HR: employee custom fields"
"Expenses","Expenses: expense custom fields"
"Assets & Maintenance","Assets: asset custom fields"
"Reporting","Reporting: custom report fields"
"Admin & Security","Admin: custom field builder UI"
"Dashboard","Dashboard: multi-language labels"
"Customers & CRM","CRM: contact import/export"
"Leads & Sales Pipeline","Pipeline: bulk stage update"
"Quotes","Quotes: bulk quote status update"
"Sales Orders","Orders: bulk order status update"
"Invoicing","Invoicing: bulk invoice sending queue"
"Payments","Payments: bulk payment import"
"Products & Pricing","Products: bulk product import"
"Purchasing","Purchasing: bulk PO creation from CSV"
"Suppliers","Suppliers: bulk supplier import"
"Inventory","Inventory: bulk inventory adjust"
"Warehousing","Warehousing: bulk bin creation"
"Manufacturing (BOM)","BOM: bulk BOM import"
"Work Orders","Work Orders: bulk WO create"
"Quality","Quality: bulk inspection schedule"
"Shipping & Delivery","Shipping: bulk shipment create"
"Returns & RMA","Returns: bulk RMA create"
"Support Tickets","Tickets: bulk ticket assignment"
"Projects","Projects: bulk project task import"
"Time & Attendance","Time: bulk timesheet approval"
"HR","HR: bulk employee import"
"Expenses","Expenses: bulk expense approval"
"Assets & Maintenance","Assets: bulk asset import"
"Reporting","Reporting: bulk report export"
"Admin & Security","Admin: bulk operations audit"
"Dashboard","Dashboard: personal notes"
"Customers & CRM","CRM: customer call log template"
"Leads & Sales Pipeline","Pipeline: meeting scheduling fields"
"Quotes","Quotes: quote internal memo"
"Sales Orders","Orders: order internal memo"
"Invoicing","Invoicing: invoice internal memo"
"Payments","Payments: payment internal memo"
"Products & Pricing","Products: product internal memo"
"Purchasing","Purchasing: PO internal memo"
"Suppliers","Suppliers: supplier internal memo"
"Inventory","Inventory: inventory internal memo"
"Warehousing","Warehousing: warehouse internal memo"
"Manufacturing (BOM)","BOM: BOM internal memo"
"Work Orders","Work Orders: WO internal memo"
"Quality","Quality: quality internal memo"
"Shipping & Delivery","Shipping: shipping internal memo"
"Returns & RMA","Returns: return internal memo"
"Support Tickets","Tickets: ticket internal memo"
"Projects","Projects: project internal memo"
"Time & Attendance","Time: timesheet internal memo"
"HR","HR: HR internal memo"
"Expenses","Expenses: expense internal memo"
"Assets & Maintenance","Assets: asset internal memo"
"Reporting","Reporting: report internal memo"
"Admin & Security","Admin: notes permissions"
"Dashboard","Dashboard: system health status"
"Customers & CRM","CRM: customer duplicate detection (rules)"
"Leads & Sales Pipeline","Pipeline: duplicate lead detection (rules)"
"Quotes","Quotes: prevent duplicate quote numbers"
"Sales Orders","Orders: prevent duplicate order numbers"
"Invoicing","Invoicing: prevent duplicate invoice numbers"
"Payments","Payments: detect duplicate payments"
"Products & Pricing","Products: prevent duplicate SKU"
"Purchasing","Purchasing: prevent duplicate PO numbers"
"Suppliers","Suppliers: prevent duplicate supplier codes"
"Inventory","Inventory: detect negative stock"
"Warehousing","Warehousing: validate bin format"
"Manufacturing (BOM)","BOM: validate circular BOM"
"Work Orders","Work Orders: prevent closing with open steps"
"Quality","Quality: require sign-off before release"
"Shipping & Delivery","Shipping: prevent ship without pick"
"Returns & RMA","Returns: prevent refund without receipt"
"Support Tickets","Tickets: prevent close without resolution"
"Projects","Projects: prevent close with open tasks"
"Time & Attendance","Time: prevent approve with missing entries"
"HR","HR: require mandatory fields"
"Expenses","Expenses: require receipt over threshold"
"Assets & Maintenance","Assets: prevent dispose if assigned"
"Reporting","Reporting: validate filters"
"Admin & Security","Admin: validation rules engine"
"Dashboard","Dashboard: data freshness timestamps"
"Customers & CRM","CRM: customer address validation (basic)"
"Leads & Sales Pipeline","Pipeline: stage entry requirements"
"Quotes","Quotes: require customer before send"
"Sales Orders","Orders: require shipping address"
"Invoicing","Invoicing: require tax info"
"Payments","Payments: require payment date"
"Products & Pricing","Products: require UoM"
"Purchasing","Purchasing: require supplier before PO"
"Suppliers","Suppliers: require payment terms"
"Inventory","Inventory: require location"
"Warehousing","Warehousing: require bin for putaway"
"Manufacturing (BOM)","BOM: require at least one component"
"Work Orders","Work Orders: require BOM link"
"Quality","Quality: require inspector assignment"
"Shipping & Delivery","Shipping: require carrier selection"
"Returns & RMA","Returns: require reason code"
"Support Tickets","Tickets: require category"
"Projects","Projects: require owner"
"Time & Attendance","Time: require employee assignment"
"HR","HR: require contract dates"
"Expenses","Expenses: require expense date"
"Assets & Maintenance","Assets: require serial"
"Reporting","Reporting: require date range"
"Admin & Security","Admin: mandatory field configuration"
"Dashboard","Dashboard: export dashboard as PDF"
"Customers & CRM","CRM: customer statement page"
"Leads & Sales Pipeline","Pipeline: conversion rate report"
"Quotes","Quotes: quote pipeline report"
"Sales Orders","Orders: order backlog report"
"Invoicing","Invoicing: invoice aging report"
"Payments","Payments: payments received report"
"Products & Pricing","Products: product profitability report"
"Purchasing","Purchasing: spend analysis report"
"Suppliers","Suppliers: supplier performance report"
"Inventory","Inventory: inventory turnover report"
"Warehousing","Warehousing: pick accuracy report"
"Manufacturing (BOM)","BOM: BOM usage report"
"Work Orders","Work Orders: WO performance report"
"Quality","Quality: defect rate report"
"Shipping & Delivery","Shipping: on-time delivery report"
"Returns & RMA","Returns: return rate report"
"Support Tickets","Tickets: ticket volume report"
"Projects","Projects: project status report"
"Time & Attendance","Time: attendance report"
"HR","HR: headcount report"
"Expenses","Expenses: expense by category report"
"Assets & Maintenance","Assets: maintenance cost report"
"Reporting","Reporting: report gallery page"
"Admin & Security","Admin: report access controls"
"Dashboard","Dashboard: embed external docs links"
"Customers & CRM","CRM: customer payment terms view"
"Leads & Sales Pipeline","Pipeline: opportunity product interest"
"Quotes","Quotes: quote line UoM"
"Sales Orders","Orders: order line UoM"
"Invoicing","Invoicing: invoice line UoM"
"Payments","Payments: payment currency fields"
"Products & Pricing","Products: multi-UoM sales"
"Purchasing","Purchasing: PO UoM conversions"
"Suppliers","Suppliers: supplier UoM preferences"
"Inventory","Inventory: base UoM tracking"
"Warehousing","Warehousing: pick UoM handling"
"Manufacturing (BOM)","BOM: component UoM handling"
"Work Orders","Work Orders: issue UoM handling"
"Quality","Quality: inspection quantity UoM"
"Shipping & Delivery","Shipping: shipped quantity UoM"
"Returns & RMA","Returns: returned quantity UoM"
"Support Tickets","Tickets: affected quantity field"
"Projects","Projects: deliverable quantity field"
"Time & Attendance","Time: hours vs days view"
"HR","HR: FTE calculations"
"Expenses","Expenses: units (km/nights) handling"
"Assets & Maintenance","Assets: usage meter UoM"
"Reporting","Reporting: UoM consistency checks"
"Admin & Security","Admin: UoM configuration"
"Dashboard","Dashboard: keyboard shortcuts help"
"Customers & CRM","CRM: quick-add contact modal"
"Leads & Sales Pipeline","Pipeline: quick-add lead modal"
"Quotes","Quotes: quick-add line item"
"Sales Orders","Orders: quick-add line item"
"Invoicing","Invoicing: quick-add fee line"
"Payments","Payments: quick-add payment"
"Products & Pricing","Products: quick-add product"
"Purchasing","Purchasing: quick-add PO line"
"Suppliers","Suppliers: quick-add supplier"
"Inventory","Inventory: quick-adjust stock modal"
"Warehousing","Warehousing: quick-move stock modal"
"Manufacturing (BOM)","BOM: quick-add component"
"Work Orders","Work Orders: quick-add operation"
"Quality","Quality: quick-add defect"
"Shipping & Delivery","Shipping: quick-add package"
"Returns & RMA","Returns: quick-add return line"
"Support Tickets","Tickets: quick-add comment"
"Projects","Projects: quick-add task"
"Time & Attendance","Time: quick-add time entry"
"HR","HR: quick-add employee note"
"Expenses","Expenses: quick-add receipt upload"
"Assets & Maintenance","Assets: quick-add asset note"
"Reporting","Reporting: quick-add saved report"
"Admin & Security","Admin: quick-add user"
"Dashboard","Dashboard: user notification preferences"
"Customers & CRM","CRM: customer email templates"
"Leads & Sales Pipeline","Pipeline: outreach sequences (manual)"
"Quotes","Quotes: send quote email logging"
"Sales Orders","Orders: send order confirmation email logging"
"Invoicing","Invoicing: send invoice email logging"
"Payments","Payments: send receipt email logging"
"Products & Pricing","Products: product email share link"
"Purchasing","Purchasing: send PO email logging"
"Suppliers","Suppliers: send onboarding email logging"
"Inventory","Inventory: low stock email alerts (SMTP)"
"Warehousing","Warehousing: pick list email"
"Manufacturing (BOM)","BOM: notify on revision change"
"Work Orders","Work Orders: notify on status change"
"Quality","Quality: notify on NCR created"
"Shipping & Delivery","Shipping: notify on shipment sent"
"Returns & RMA","Returns: notify on RMA approved"
"Support Tickets","Tickets: notify on assignment"
"Projects","Projects: notify on task due"
"Time & Attendance","Time: notify on missing timesheet"
"HR","HR: notify on doc expiry"
"Expenses","Expenses: notify on approval"
"Assets & Maintenance","Assets: notify on maintenance due"
"Reporting","Reporting: notify on scheduled report"
"Admin & Security","Admin: notification templates"
"Dashboard","Dashboard: customizable home widgets"
"Customers & CRM","CRM: customer map view (OpenStreetMap)"
"Leads & Sales Pipeline","Pipeline: opportunity map view"
"Quotes","Quotes: quote map view (delivery)"
"Sales Orders","Orders: delivery address map view"
"Invoicing","Invoicing: billing address map view"
"Payments","Payments: bank branch field"
"Products & Pricing","Products: supplier map field"
"Purchasing","Purchasing: supplier location map"
"Suppliers","Suppliers: supplier map view"
"Inventory","Inventory: warehouse map overlay (static)"
"Warehousing","Warehousing: bin map (simple grid)"
"Manufacturing (BOM)","BOM: plant location field"
"Work Orders","Work Orders: workstation location field"
"Quality","Quality: inspection location field"
"Shipping & Delivery","Shipping: route map (manual)"
"Returns & RMA","Returns: pickup location field"
"Support Tickets","Tickets: onsite location field"
"Projects","Projects: site location field"
"Time & Attendance","Time: work location field"
"HR","HR: office locations"
"Expenses","Expenses: location-based per diem"
"Assets & Maintenance","Assets: asset location map"
"Reporting","Reporting: geo reports"
"Admin & Security","Admin: maps toggle"
"Dashboard","Dashboard: multi-tenant overview (if needed)"
"Customers & CRM","CRM: customer portal basic (download invoices)"
"Leads & Sales Pipeline","Pipeline: lead portal basic (submit lead)"
"Quotes","Quotes: customer can accept quote (link)"
"Sales Orders","Orders: customer can view order status (link)"
"Invoicing","Invoicing: customer can view invoices (link)"
"Payments","Payments: customer can upload payment proof"
"Products & Pricing","Products: public product catalog (optional)"
"Purchasing","Purchasing: internal requester portal"
"Suppliers","Suppliers: supplier can confirm PO (link)"
"Inventory","Inventory: stock visibility permissions"
"Warehousing","Warehousing: handheld-friendly pages"
"Manufacturing (BOM)","BOM: view-only access for shop floor"
"Work Orders","Work Orders: shop floor kiosk mode"
"Quality","Quality: shop floor inspection kiosk"
"Shipping & Delivery","Shipping: packing station kiosk"
"Returns & RMA","Returns: customer return portal (link)"
"Support Tickets","Tickets: customer ticket portal"
"Projects","Projects: client project portal"
"Time & Attendance","Time: employee self-service"
"HR","HR: employee self-service docs"
"Expenses","Expenses: employee expense portal"
"Assets & Maintenance","Assets: employee asset checkout portal"
"Reporting","Reporting: shared report links"
"Admin & Security","Admin: portal access controls"
"Dashboard","Dashboard: audit widgets (recent logins)"
"Customers & CRM","CRM: GDPR consent log"
"Leads & Sales Pipeline","Pipeline: audit stage changes"
"Quotes","Quotes: audit sent/accepted"
"Sales Orders","Orders: audit fulfill actions"
"Invoicing","Invoicing: audit posted invoices"
"Payments","Payments: audit payment edits"
"Products & Pricing","Products: audit price edits"
"Purchasing","Purchasing: audit approvals"
"Suppliers","Suppliers: audit supplier changes"
"Inventory","Inventory: audit stock changes"
"Warehousing","Warehousing: audit moves"
"Manufacturing (BOM)","BOM: audit revisions"
"Work Orders","Work Orders: audit completions"
"Quality","Quality: audit sign-offs"
"Shipping & Delivery","Shipping: audit shipments"
"Returns & RMA","Returns: audit refunds"
"Support Tickets","Tickets: audit resolution changes"
"Projects","Projects: audit status changes"
"Time & Attendance","Time: audit approvals"
"HR","HR: audit sensitive access"
"Expenses","Expenses: audit reimbursements"
"Assets & Maintenance","Assets: audit disposals"
"Reporting","Reporting: audit report access"
"Admin & Security","Admin: security audit export"
"Dashboard","Dashboard: onboarding tour (non-AI)"
"Customers & CRM","CRM: inline help tooltips"
"Leads & Sales Pipeline","Pipeline: stage definitions help"
"Quotes","Quotes: quote template help"
"Sales Orders","Orders: fulfillment checklist help"
"Invoicing","Invoicing: tax setup help"
"Payments","Payments: reconciliation help"
"Products & Pricing","Products: SKU rules help"
"Purchasing","Purchasing: approval rules help"
"Suppliers","Suppliers: onboarding guide"
"Inventory","Inventory: stock move guide"
"Warehousing","Warehousing: bin labeling guide"
"Manufacturing (BOM)","BOM: BOM creation guide"
"Work Orders","Work Orders: WO lifecycle help"
"Quality","Quality: NCR process guide"
"Shipping & Delivery","Shipping: packing process guide"
"Returns & RMA","Returns: return process guide"
"Support Tickets","Tickets: ticket triage guide"
"Projects","Projects: project template guide"
"Time & Attendance","Time: timesheet guide"
"HR","HR: policy acknowledgments"
"Expenses","Expenses: receipt rules help"
"Assets & Maintenance","Assets: maintenance guide"
"Reporting","Reporting: report builder help"
"Admin & Security","Admin: admin checklist"
"Dashboard","Dashboard: multi-tab saved views"
"Customers & CRM","CRM: customer list saved views"
"Leads & Sales Pipeline","Pipeline: pipeline saved views"
"Quotes","Quotes: quote list saved views"
"Sales Orders","Orders: order list saved views"
"Invoicing","Invoicing: invoice list saved views"
"Payments","Payments: payment list saved views"
"Products & Pricing","Products: product list saved views"
"Purchasing","Purchasing: PO list saved views"
"Suppliers","Suppliers: supplier list saved views"
"Inventory","Inventory: inventory list saved views"
"Warehousing","Warehousing: warehouse list saved views"
"Manufacturing (BOM)","BOM: BOM list saved views"
"Work Orders","Work Orders: WO list saved views"
"Quality","Quality: quality list saved views"
"Shipping & Delivery","Shipping: shipment list saved views"
"Returns & RMA","Returns: RMA list saved views"
"Support Tickets","Tickets: ticket list saved views"
"Projects","Projects: project list saved views"
"Time & Attendance","Time: time list saved views"
"HR","HR: employee list saved views"
"Expenses","Expenses: expense list saved views"
"Assets & Maintenance","Assets: asset list saved views"
"Reporting","Reporting: report list saved views"
"Admin & Security","Admin: saved views management"
"Dashboard","Dashboard: accessibility options"
"Customers & CRM","CRM: accessibility for forms"
"Leads & Sales Pipeline","Pipeline: keyboard navigation"
"Quotes","Quotes: printable high-contrast"
"Sales Orders","Orders: large-font packing view"
"Invoicing","Invoicing: accessible invoice PDF"
"Payments","Payments: accessible receipts"
"Products & Pricing","Products: alt text for images"
"Purchasing","Purchasing: accessible approval UI"
"Suppliers","Suppliers: accessible portal"
"Inventory","Inventory: color-blind safe status"
"Warehousing","Warehousing: large button UI"
"Manufacturing (BOM)","BOM: readable BOM tree"
"Work Orders","Work Orders: kiosk accessibility"
"Quality","Quality: accessible checklists"
"Shipping & Delivery","Shipping: accessible pick/pack"
"Returns & RMA","Returns: accessible return forms"
"Support Tickets","Tickets: accessible comments"
"Projects","Projects: accessible kanban"
"Time & Attendance","Time: accessible time entry"
"HR","HR: accessible employee portal"
"Expenses","Expenses: accessible receipt upload"
"Assets & Maintenance","Assets: accessible asset forms"
"Reporting","Reporting: accessible charts"
"Admin & Security","Admin: accessibility settings"
"Dashboard","Dashboard: performance metrics page"
"Customers & CRM","CRM: bulk email export list"
"Leads & Sales Pipeline","Pipeline: lead export list"
"Quotes","Quotes: quote export list"
"Sales Orders","Orders: order export list"
"Invoicing","Invoicing: invoice export list"
"Payments","Payments: payments export list"
"Products & Pricing","Products: product export list"
"Purchasing","Purchasing: PO export list"
"Suppliers","Suppliers: supplier export list"
"Inventory","Inventory: inventory export list"
"Warehousing","Warehousing: warehouse export list"
"Manufacturing (BOM)","BOM: BOM export list"
"Work Orders","Work Orders: WO export list"
"Quality","Quality: quality export list"
"Shipping & Delivery","Shipping: shipment export list"
"Returns & RMA","Returns: return export list"
"Support Tickets","Tickets: ticket export list"
"Projects","Projects: project export list"
"Time & Attendance","Time: timesheet export list"
"HR","HR: employee export list"
"Expenses","Expenses: expense export list"
"Assets & Maintenance","Assets: asset export list"
"Reporting","Reporting: report export list"
"Admin & Security","Admin: full database export"
"Dashboard","Dashboard: system messages feed"
"Customers & CRM","CRM: customer timeline view"
"Leads & Sales Pipeline","Pipeline: opportunity timeline view"
"Quotes","Quotes: quote timeline view"
"Sales Orders","Orders: order timeline view"
"Invoicing","Invoicing: invoice timeline view"
"Payments","Payments: payment timeline view"
"Products & Pricing","Products: product change timeline"
"Purchasing","Purchasing: PO timeline view"
"Suppliers","Suppliers: supplier timeline view"
"Inventory","Inventory: stock timeline view"
"Warehousing","Warehousing: move timeline view"
"Manufacturing (BOM)","BOM: BOM change timeline"
"Work Orders","Work Orders: WO timeline view"
"Quality","Quality: quality timeline view"
"Shipping & Delivery","Shipping: shipment timeline view"
"Returns & RMA","Returns: return timeline view"
"Support Tickets","Tickets: ticket timeline view"
"Projects","Projects: project timeline view"
"Time & Attendance","Time: time entry timeline"
"HR","HR: employee timeline"
"Expenses","Expenses: expense timeline"
"Assets & Maintenance","Assets: asset timeline"
"Reporting","Reporting: report run timeline"
"Admin & Security","Admin: admin actions timeline"
"Dashboard","Dashboard: basic search analytics (queries)"
"Customers & CRM","CRM: customer churn flag (rules)"
"Leads & Sales Pipeline","Pipeline: win/loss reasons"
"Quotes","Quotes: quote win rate stats"
"Sales Orders","Orders: order conversion stats"
"Invoicing","Invoicing: days sales outstanding (DSO)"
"Payments","Payments: payment delay stats"
"Products & Pricing","Products: top sellers stats"
"Purchasing","Purchasing: spend by supplier stats"
"Suppliers","Suppliers: on-time delivery stats"
"Inventory","Inventory: stockout frequency stats"
"Warehousing","Warehousing: pick time stats"
"Manufacturing (BOM)","BOM: component usage frequency"
"Work Orders","Work Orders: lead time stats"
"Quality","Quality: defect Pareto"
"Shipping & Delivery","Shipping: shipping cost stats"
"Returns & RMA","Returns: return reasons Pareto"
"Support Tickets","Tickets: ticket categories Pareto"
"Projects","Projects: project overrun stats"
"Time & Attendance","Time: absenteeism stats"
"HR","HR: turnover stats"
"Expenses","Expenses: average claim stats"
"Assets & Maintenance","Assets: downtime stats"
"Reporting","Reporting: KPI library"
"Admin & Security","Admin: telemetry opt-in/out"
"Dashboard","Dashboard: multi-user announcements"
"Customers & CRM","CRM: customer account hierarchy"
"Leads & Sales Pipeline","Pipeline: parent/child opportunities"
"Quotes","Quotes: quote bundles"
"Sales Orders","Orders: parent/child orders"
"Invoicing","Invoicing: consolidated invoicing"
"Payments","Payments: consolidated statements"
"Products & Pricing","Products: product families"
"Purchasing","Purchasing: grouped POs"
"Suppliers","Suppliers: parent/child suppliers"
"Inventory","Inventory: inventory by family"
"Warehousing","Warehousing: zone management"
"Manufacturing (BOM)","BOM: assembly families"
"Work Orders","Work Orders: parent/child WOs"
"Quality","Quality: linked NCRs"
"Shipping & Delivery","Shipping: consolidated shipments"
"Returns & RMA","Returns: consolidated returns"
"Support Tickets","Tickets: linked tickets"
"Projects","Projects: program management (parent projects)"
"Time & Attendance","Time: project timesheet grouping"
"HR","HR: manager/subordinate links"
"Expenses","Expenses: consolidated reimbursements"
"Assets & Maintenance","Assets: asset groups"
"Reporting","Reporting: consolidated dashboards"
"Admin & Security","Admin: org hierarchy config"
"Dashboard","Dashboard: print dashboard"
"Customers & CRM","CRM: print customer profile"
"Leads & Sales Pipeline","Pipeline: print opportunity summary"
"Quotes","Quotes: print quote"
"Sales Orders","Orders: print order"
"Invoicing","Invoicing: print invoice"
"Payments","Payments: print receipt"
"Products & Pricing","Products: print product sheet"
"Purchasing","Purchasing: print PO"
"Suppliers","Suppliers: print supplier sheet"
"Inventory","Inventory: print stock card"
"Warehousing","Warehousing: print bin labels"
"Manufacturing (BOM)","BOM: print BOM"
"Work Orders","Work Orders: print traveler"
"Quality","Quality: print inspection sheet"
"Shipping & Delivery","Shipping: print packing slip"
"Returns & RMA","Returns: print RMA"
"Support Tickets","Tickets: print ticket"
"Projects","Projects: print project summary"
"Time & Attendance","Time: print timesheet"
"HR","HR: print employee profile"
"Expenses","Expenses: print expense claim"
"Assets & Maintenance","Assets: print asset card"
"Reporting","Reporting: print report"
"Admin & Security","Admin: print settings"
"Dashboard","Dashboard: configurable date range"
"Customers & CRM","CRM: customer created date filters"
"Leads & Sales Pipeline","Pipeline: stage date filters"
"Quotes","Quotes: quote date filters"
"Sales Orders","Orders: order date filters"
"Invoicing","Invoicing: invoice date filters"
"Payments","Payments: payment date filters"
"Products & Pricing","Products: product created date filter"
"Purchasing","Purchasing: PO date filters"
"Suppliers","Suppliers: supplier created date filter"
"Inventory","Inventory: stock movement date filter"
"Warehousing","Warehousing: move date filters"
"Manufacturing (BOM)","BOM: revision date filters"
"Work Orders","Work Orders: WO date filters"
"Quality","Quality: inspection date filters"
"Shipping & Delivery","Shipping: shipment date filters"
"Returns & RMA","Returns: return date filters"
"Support Tickets","Tickets: ticket date filters"
"Projects","Projects: project date filters"
"Time & Attendance","Time: time entry date filters"
"HR","HR: hire date filters"
"Expenses","Expenses: expense date filters"
"Assets & Maintenance","Assets: asset purchase date filter"
"Reporting","Reporting: parameterized reports"
"Admin & Security","Admin: date/time settings"
"Dashboard","Dashboard: multi-currency display toggle"
"Customers & CRM","CRM: customer preferred currency"
"Leads & Sales Pipeline","Pipeline: opportunity currency"
"Quotes","Quotes: quote currency"
"Sales Orders","Orders: order currency"
"Invoicing","Invoicing: invoice currency"
"Payments","Payments: payment currency"
"Products & Pricing","Products: price list currency"
"Purchasing","Purchasing: PO currency"
"Suppliers","Suppliers: supplier currency"
"Inventory","Inventory: valuation currency"
"Warehousing","Warehousing: cost currency"
"Manufacturing (BOM)","BOM: cost currency"
"Work Orders","Work Orders: cost currency"
"Quality","Quality: cost currency"
"Shipping & Delivery","Shipping: cost currency"
"Returns & RMA","Returns: cost currency"
"Support Tickets","Tickets: cost impact currency"
"Projects","Projects: budget currency"
"Time & Attendance","Time: labor cost currency"
"HR","HR: salary currency"
"Expenses","Expenses: expense currency"
"Assets & Maintenance","Assets: asset value currency"
"Reporting","Reporting: multi-currency reports"
"Admin & Security","Admin: currency setup"
"Dashboard","Dashboard: compact mode"
"Customers & CRM","CRM: compact customer list"
"Leads & Sales Pipeline","Pipeline: compact pipeline view"
"Quotes","Quotes: compact quote list"
"Sales Orders","Orders: compact order list"
"Invoicing","Invoicing: compact invoice list"
"Payments","Payments: compact payment list"
"Products & Pricing","Products: compact product list"
"Purchasing","Purchasing: compact PO list"
"Suppliers","Suppliers: compact supplier list"
"Inventory","Inventory: compact inventory list"
"Warehousing","Warehousing: compact bin list"
"Manufacturing (BOM)","BOM: compact BOM list"
"Work Orders","Work Orders: compact WO list"
"Quality","Quality: compact NCR list"
"Shipping & Delivery","Shipping: compact shipment list"
"Returns & RMA","Returns: compact RMA list"
"Support Tickets","Tickets: compact ticket list"
"Projects","Projects: compact project list"
"Time & Attendance","Time: compact timesheet view"
"HR","HR: compact employee list"
"Expenses","Expenses: compact expense list"
"Assets & Maintenance","Assets: compact asset list"
"Reporting","Reporting: compact report list"
"Admin & Security","Admin: UI density setting"
"Dashboard","Dashboard: export config"
"Customers & CRM","CRM: export/import customers"
"Leads & Sales Pipeline","Pipeline: export/import leads"
"Quotes","Quotes: export/import quotes"
"Sales Orders","Orders: export/import orders"
"Invoicing","Invoicing: export/import invoices"
"Payments","Payments: export/import payments"
"Products & Pricing","Products: export/import products"
"Purchasing","Purchasing: export/import POs"
"Suppliers","Suppliers: export/import suppliers"
"Inventory","Inventory: export/import inventory"
"Warehousing","Warehousing: export/import locations"
"Manufacturing (BOM)","BOM: export/import BOMs"
"Work Orders","Work Orders: export/import WOs"
"Quality","Quality: export/import NCRs"
"Shipping & Delivery","Shipping: export/import shipments"
"Returns & RMA","Returns: export/import RMAs"
"Support Tickets","Tickets: export/import tickets"
"Projects","Projects: export/import projects"
"Time & Attendance","Time: export/import timesheets"
"HR","HR: export/import employees"
"Expenses","Expenses: export/import expenses"
"Assets & Maintenance","Assets: export/import assets"
"Reporting","Reporting: export/import reports"
"Admin & Security","Admin: import/export permissions"
"Dashboard","Dashboard: personal KPIs"
"Customers & CRM","CRM: customer custom dashboards"
"Leads & Sales Pipeline","Pipeline: salesperson dashboards"
"Quotes","Quotes: quote dashboards"
"Sales Orders","Orders: fulfillment dashboards"
"Invoicing","Invoicing: finance dashboards"
"Payments","Payments: collections dashboards"
"Products & Pricing","Products: product dashboards"
"Purchasing","Purchasing: procurement dashboards"
"Suppliers","Suppliers: supplier dashboards"
"Inventory","Inventory: inventory dashboards"
"Warehousing","Warehousing: warehouse dashboards"
"Manufacturing (BOM)","BOM: engineering dashboards"
"Work Orders","Work Orders: production dashboards"
"Quality","Quality: quality dashboards"
"Shipping & Delivery","Shipping: logistics dashboards"
"Returns & RMA","Returns: returns dashboards"
"Support Tickets","Tickets: support dashboards"
"Projects","Projects: PM dashboards"
"Time & Attendance","Time: attendance dashboards"
"HR","HR: HR dashboards"
"Expenses","Expenses: expense dashboards"
"Assets & Maintenance","Assets: maintenance dashboards"
"Reporting","Reporting: dashboard builder"
"Admin & Security","Admin: dashboard permissions"
"Dashboard","Dashboard: configurable shortcuts"
"Customers & CRM","CRM: configurable CRM fields"
"Leads & Sales Pipeline","Pipeline: configurable stages"
"Quotes","Quotes: configurable templates"
"Sales Orders","Orders: configurable statuses"
"Invoicing","Invoicing: configurable numbering"
"Payments","Payments: configurable methods"
"Products & Pricing","Products: configurable attributes"
"Purchasing","Purchasing: configurable approvals"
"Suppliers","Suppliers: configurable rating fields"
"Inventory","Inventory: configurable reasons"
"Warehousing","Warehousing: configurable bin formats"
"Manufacturing (BOM)","BOM: configurable revision rules"
"Work Orders","Work Orders: configurable operations"
"Quality","Quality: configurable defect codes"
"Shipping & Delivery","Shipping: configurable carriers"
"Returns & RMA","Returns: configurable dispositions"
"Support Tickets","Tickets: configurable categories"
"Projects","Projects: configurable workflows"
"Time & Attendance","Time: configurable policies"
"HR","HR: configurable org"
"Expenses","Expenses: configurable policies"
"Assets & Maintenance","Assets: configurable maintenance"
"Reporting","Reporting: configurable metrics"
"Admin & Security","Admin: configuration export"
"Dashboard","Dashboard: logout everywhere button"
"Customers & CRM","CRM: data delete customer (with safeguards)"
"Leads & Sales Pipeline","Pipeline: delete/archive leads"
"Quotes","Quotes: archive old quotes"
"Sales Orders","Orders: archive closed orders"
"Invoicing","Invoicing: archive paid invoices"
"Payments","Payments: archive payments"
"Products & Pricing","Products: archive discontinued products"
"Purchasing","Purchasing: archive closed POs"
"Suppliers","Suppliers: archive inactive suppliers"
"Inventory","Inventory: archive old movements"
"Warehousing","Warehousing: archive old tasks"
"Manufacturing (BOM)","BOM: archive obsolete BOMs"
"Work Orders","Work Orders: archive completed WOs"
"Quality","Quality: archive closed NCRs"
"Shipping & Delivery","Shipping: archive shipped records"
"Returns & RMA","Returns: archive closed RMAs"
"Support Tickets","Tickets: archive closed tickets"
"Projects","Projects: archive closed projects"
"Time & Attendance","Time: archive old timesheets"
"HR","HR: archive former employees"
"Expenses","Expenses: archive reimbursed claims"
"Assets & Maintenance","Assets: archive disposed assets"
"Reporting","Reporting: archive old reports"
"Admin & Security","Admin: soft-delete/restore system"
